r2_score,Mean Absolute Error (MAE),Mean Squared Error (MSE),Root Mean Squared Error (RMSE)
0.29890734020112353,3.680339635854343,25.619963567024065,5.06161669499223
