r2_score,Mean Absolute Error (MAE),Mean Squared Error (MSE),Root Mean Squared Error (RMSE)
0.681300676207282,27.804812831357907,1178.7904897325604,34.33351845838932
