r2_score,Mean Absolute Error (MAE),Mean Squared Error (MSE),Root Mean Squared Error (RMSE)
0.7935309612891244,1.7984331065759644,6.139101518644504,2.4777210332570743
