r2_score,Mean Absolute Error (MAE),Mean Squared Error (MSE),Root Mean Squared Error (RMSE)
0.6790300697146896,3.0926955084359338,14.822369090997142,3.84998299879326
