r2_score,Mean Absolute Error (MAE),Mean Squared Error (MSE),Root Mean Squared Error (RMSE)
0.3750557213281325,4.954754642597779,32.65638612838379,5.714576635970839
