r2_score,Mean Absolute Error (MAE),Mean Squared Error (MSE),Root Mean Squared Error (RMSE)
0.39910754191272346,2.468421052631576,10.502368421052614,3.240735783900411
