r2_score,Mean Absolute Error (MAE),Mean Squared Error (MSE),Root Mean Squared Error (RMSE)
0.7826507959295347,19.47395833333333,680.1119791666665,26.07895663493205
