r2_score,Mean Absolute Error (MAE),Mean Squared Error (MSE),Root Mean Squared Error (RMSE)
0.7650587525359868,3.3376960370253057,23.904434750360245,4.889216169322056
