r2_score,Mean Absolute Error (MAE),Mean Squared Error (MSE),Root Mean Squared Error (RMSE)
0.39151219290120276,13.016836113193405,288.2403830517769,16.97764362483136
