r2_score,Mean Absolute Error (MAE),Mean Squared Error (MSE),Root Mean Squared Error (RMSE)
0.680251148754426,7.599533799533798,87.0487145374536,9.329990060951491
