r2_score,Mean Absolute Error (MAE),Mean Squared Error (MSE),Root Mean Squared Error (RMSE)
0.5717895438939553,9.319230769230769,170.83326923076916,13.070320165580075
