r2_score,Mean Absolute Error (MAE),Mean Squared Error (MSE),Root Mean Squared Error (RMSE)
0.6546273984455757,30.972222222222225,1381.7201566766896,37.17149656224093
