r2_score,Mean Absolute Error (MAE),Mean Squared Error (MSE),Root Mean Squared Error (RMSE)
0.5251211515734864,6.3578290598290605,63.12674809555116,7.945234300859299
