r2_score,Mean Absolute Error (MAE),Mean Squared Error (MSE),Root Mean Squared Error (RMSE)
0.5612722992490995,10.384197690065038,232.1507766090624,15.236494892496188
