r2_score,Mean Absolute Error (MAE),Mean Squared Error (MSE),Root Mean Squared Error (RMSE)
0.682614887004803,7.291624999999997,86.40520831249987,9.295440189280972
