r2_score,Mean Absolute Error (MAE),Mean Squared Error (MSE),Root Mean Squared Error (RMSE)
0.6604280053322911,9.421763265306122,179.68298364081636,13.40458815632977
