r2_score,Mean Absolute Error (MAE),Mean Squared Error (MSE),Root Mean Squared Error (RMSE)
0.817478858775398,18.972500000000004,571.1307530612248,23.898342056745793
