r2_score,Mean Absolute Error (MAE),Mean Squared Error (MSE),Root Mean Squared Error (RMSE)
0.7157600444315105,3.663857316925505,28.920402631185503,5.377769298806476
