r2_score,Mean Absolute Error (MAE),Mean Squared Error (MSE),Root Mean Squared Error (RMSE)
0.7979476954738669,21.799495798319327,808.3436283313322,28.43138456585138
