r2_score,Mean Absolute Error (MAE),Mean Squared Error (MSE),Root Mean Squared Error (RMSE)
0.6878445798435553,1.714248120300773,5.455836868958154,2.3357732914300895
