r2_score,Mean Absolute Error (MAE),Mean Squared Error (MSE),Root Mean Squared Error (RMSE)
0.5439599478549082,3.3331970321682953,16.66502901972007,4.082282329741546
