r2_score,Mean Absolute Error (MAE),Mean Squared Error (MSE),Root Mean Squared Error (RMSE)
0.5228046667690295,6.352933333333343,63.4346838000001,7.964589367946103
