r2_score,Mean Absolute Error (MAE),Mean Squared Error (MSE),Root Mean Squared Error (RMSE)
0.7064492198590495,3.565731707317085,29.867745853658757,5.465139143119666
