r2_score,Mean Absolute Error (MAE),Mean Squared Error (MSE),Root Mean Squared Error (RMSE)
0.9090330123075097,1.1794977980172738,2.7047908770065248,1.6446248438493578
