r2_score,Mean Absolute Error (MAE),Mean Squared Error (MSE),Root Mean Squared Error (RMSE)
0.728275542375761,2.8623333333333387,12.548216583333359,3.54234619755514
