r2_score,Mean Absolute Error (MAE),Mean Squared Error (MSE),Root Mean Squared Error (RMSE)
0.535786871100001,3.3247647058823553,16.963696999999996,4.118700887415836
