r2_score,Mean Absolute Error (MAE),Mean Squared Error (MSE),Root Mean Squared Error (RMSE)
0.6712656508830463,8.643846153846159,131.1475765416403,11.451968238763165
