r2_score,Mean Absolute Error (MAE),Mean Squared Error (MSE),Root Mean Squared Error (RMSE)
0.8038293489286541,19.576797236178873,613.8417222420194,24.775829395643235
