r2_score,Mean Absolute Error (MAE),Mean Squared Error (MSE),Root Mean Squared Error (RMSE)
0.5292804192831684,12.073791666666658,222.97964013888873,14.93250280893624
