r2_score,Mean Absolute Error (MAE),Mean Squared Error (MSE),Root Mean Squared Error (RMSE)
0.8827803387669515,1.3209714285714216,3.485381657142848,1.8669176889040524
