r2_score,Mean Absolute Error (MAE),Mean Squared Error (MSE),Root Mean Squared Error (RMSE)
0.89479808701479,1.2210346938775367,3.128048775759569,1.768629066751864
