r2_score,Mean Absolute Error (MAE),Mean Squared Error (MSE),Root Mean Squared Error (RMSE)
0.7922130938960568,22.231849266756253,831.2858494424113,28.832028188152343
