r2_score,Mean Absolute Error (MAE),Mean Squared Error (MSE),Root Mean Squared Error (RMSE)
0.3354162799595173,4.928661616161619,34.72774024334259,5.893024710905477
