r2_score,Mean Absolute Error (MAE),Mean Squared Error (MSE),Root Mean Squared Error (RMSE)
0.5220948045708133,12.231615799605827,226.38346238970246,15.046044742380055
