r2_score,Mean Absolute Error (MAE),Mean Squared Error (MSE),Root Mean Squared Error (RMSE)
0.45707209558347495,6.9042000000000066,72.17266713333339,8.495449789936576
