r2_score,Mean Absolute Error (MAE),Mean Squared Error (MSE),Root Mean Squared Error (RMSE)
0.4936133265335515,6.606515151515163,67.31515644628118,8.204581430291322
