r2_score,Mean Absolute Error (MAE),Mean Squared Error (MSE),Root Mean Squared Error (RMSE)
0.7346944420232786,2.773529411764706,12.251792243367916,3.5002560254027015
