r2_score,Mean Absolute Error (MAE),Mean Squared Error (MSE),Root Mean Squared Error (RMSE)
0.7792398505525356,22.787647058823534,883.1874529411767,29.718469895692422
