r2_score,Mean Absolute Error (MAE),Mean Squared Error (MSE),Root Mean Squared Error (RMSE)
0.8217375985419227,18.349062500000002,557.8046406250003,23.617888149133915
