r2_score,Mean Absolute Error (MAE),Mean Squared Error (MSE),Root Mean Squared Error (RMSE)
0.7114100590656229,6.865199999999992,78.56598479999985,8.863745528838239
