r2_score,Mean Absolute Error (MAE),Mean Squared Error (MSE),Root Mean Squared Error (RMSE)
0.6382597378823351,9.63016326530612,191.41322199999996,13.835216731226149
