r2_score,Mean Absolute Error (MAE),Mean Squared Error (MSE),Root Mean Squared Error (RMSE)
0.7236754016060729,3.6005609756097616,28.1150432439025,5.30236204383504
