r2_score,Mean Absolute Error (MAE),Mean Squared Error (MSE),Root Mean Squared Error (RMSE)
0.6376094185966489,9.713769230769227,144.5746288461538,12.023919030256058
