r2_score,Mean Absolute Error (MAE),Mean Squared Error (MSE),Root Mean Squared Error (RMSE)
0.7930223070624551,21.403428571428567,765.5596287999995,27.668748233340796
