r2_score,Mean Absolute Error (MAE),Mean Squared Error (MSE),Root Mean Squared Error (RMSE)
0.7191593350559727,1.6608133971292116,4.908519138756059,2.2155178037551537
