r2_score,Mean Absolute Error (MAE),Mean Squared Error (MSE),Root Mean Squared Error (RMSE)
0.7020432190972294,7.177460937499996,81.1160217285156,9.006443345101085
