r2_score,Mean Absolute Error (MAE),Mean Squared Error (MSE),Root Mean Squared Error (RMSE)
0.7939193458183604,21.712000000000007,762.2417028571431,27.608725121909252
