r2_score,Mean Absolute Error (MAE),Mean Squared Error (MSE),Root Mean Squared Error (RMSE)
0.6538490229258838,9.618961483173884,183.16422239626928,13.533817731751425
