r2_score,Mean Absolute Error (MAE),Mean Squared Error (MSE),Root Mean Squared Error (RMSE)
0.7529664795402016,2.74403571428571,11.407990819727909,3.377571734209047
