r2_score,Mean Absolute Error (MAE),Mean Squared Error (MSE),Root Mean Squared Error (RMSE)
0.6830997050644405,8.456853146853158,126.42641633820759,11.24395021058914
