r2_score,Mean Absolute Error (MAE),Mean Squared Error (MSE),Root Mean Squared Error (RMSE)
0.3636172311266026,4.753725617283951,33.25410302170545,5.7666370634630235
