r2_score,Mean Absolute Error (MAE),Mean Squared Error (MSE),Root Mean Squared Error (RMSE)
0.2852630324537021,5.049833333333335,37.348492,6.111341260312666
