r2_score,Mean Absolute Error (MAE),Mean Squared Error (MSE),Root Mean Squared Error (RMSE)
0.5418314250814666,3.3893781512604977,16.742811428571414,4.0917980679123716
