r2_score,Mean Absolute Error (MAE),Mean Squared Error (MSE),Root Mean Squared Error (RMSE)
0.7816231928278555,22.38885714285714,807.7221514285715,28.42045304756016
