r2_score,Mean Absolute Error (MAE),Mean Squared Error (MSE),Root Mean Squared Error (RMSE)
0.516449434018891,12.29190625,229.05767171875004,15.134651357687433
