r2_score,Mean Absolute Error (MAE),Mean Squared Error (MSE),Root Mean Squared Error (RMSE)
0.4133990259837843,37.3235294117647,2346.794117647059,48.443721137491686
