r2_score,Mean Absolute Error (MAE),Mean Squared Error (MSE),Root Mean Squared Error (RMSE)
-0.045611143609462834,5.645833333333336,48.28625000000003,6.948830836910626
