r2_score,Mean Absolute Error (MAE),Mean Squared Error (MSE),Root Mean Squared Error (RMSE)
0.5119254301616238,10.546938775510206,258.26244897959185,16.070546007512995
