r2_score,Mean Absolute Error (MAE),Mean Squared Error (MSE),Root Mean Squared Error (RMSE)
0.4332980968009702,6.896666666666667,75.33300000000004,8.67945850845547
