r2_score,Mean Absolute Error (MAE),Mean Squared Error (MSE),Root Mean Squared Error (RMSE)
0.04948157827457922,4.829411764705881,34.73470588235293,5.89361568838289
