r2_score,Mean Absolute Error (MAE),Mean Squared Error (MSE),Root Mean Squared Error (RMSE)
0.23240075642660962,5.565853658536585,78.10048780487803,8.837448036898323
