r2_score,Mean Absolute Error (MAE),Mean Squared Error (MSE),Root Mean Squared Error (RMSE)
0.020931356161454806,5.816666666666666,51.161111111111104,7.1526995680729595
