r2_score,Mean Absolute Error (MAE),Mean Squared Error (MSE),Root Mean Squared Error (RMSE)
0.3260982575591891,2.699999999999997,11.77842105263156,3.4319704329483316
