r2_score,Mean Absolute Error (MAE),Mean Squared Error (MSE),Root Mean Squared Error (RMSE)
0.41336912973858386,9.669230769230767,234.0346153846154,15.298189938179464
