r2_score,Mean Absolute Error (MAE),Mean Squared Error (MSE),Root Mean Squared Error (RMSE)
0.7251128793049388,2.077142857142858,8.173428571428584,2.8589208753354094
